{
  "project_info": {
    "project_number": "540418387326",
    "firebase_url": "https://dungeonsanddragonsorderturn.firebaseio.com",
    "project_id": "dungeonsanddragonsorderturn",
    "storage_bucket": "dungeonsanddragonsorderturn.appspot.com"
  },
  "client": [
    {
      "client_info": {
        "mobilesdk_app_id": "1:540418387326:android:2e6e9f3f2ad35fa7a3572f",
        "android_client_info": {
          "package_name": "com.example.dungeons_and_dragons_order_turns"
        }
      },
      "oauth_client": [
        {
          "client_id": "540418387326-ed6f40pas0rtr515b9ibsdfd4l2673ec.apps.googleusercontent.com",
          "client_type": 3
        }
      ],
      "api_key": [
        {
          "current_key": "AIzaSyAsBSgeCwpHfn2WDJm9OOTIEUFQ6LGEf6o"
        }
      ],
      "services": {
        "appinvite_service": {
          "other_platform_oauth_client": [
            {
              "client_id": "540418387326-ed6f40pas0rtr515b9ibsdfd4l2673ec.apps.googleusercontent.com",
              "client_type": 3
            }
          ]
        }
      }
    }
  ],
  "configuration_version": "1"
}